step,train_loss,epoch
49,0.10995018482208252,0
99,0.0894036740064621,0
149,0.11451330035924911,0
199,0.0868401825428009,0
249,0.09993535280227661,0
