step,epoch,train_loss
49,0,0.08285368233919144
99,0,0.10656069219112396
149,0,0.1278470754623413
199,0,0.09732463955879211
249,0,0.13790860772132874
