step,epoch,train_loss
49,0,0.10171286761760712
99,0,0.08607512712478638
149,0,0.12430265545845032
199,0,0.1728493869304657
249,0,0.156722754240036
