epoch,step,train_loss
0,49,0.09833940118551254
0,99,0.10344874858856201
0,149,0.09989839792251587
0,199,0.08936311304569244
0,249,0.1506059169769287
