step,train_loss,epoch
49,0.11418478190898895,0
99,0.13342657685279846,0
149,0.1129588633775711,0
199,0.09217941015958786,0
249,0.08659996837377548,0
