step,epoch,train_loss
49,0,0.112982377409935
99,0,0.11622260510921478
149,0,0.09077604115009308
199,0,0.09145224094390869
249,0,0.10215422511100769
